Metrica,Valor
Accuracy,0.9866666666666667
Precision,0.986723565670934
Recall,0.9866666666666667
F1-score,0.9866660740477355
MAE_temp,4.483402607064654
RMSE_temp,5.535604584985732
R2_temp,0.8678301927287769
